"교유번호","명칭","파일경로","위도","경도"
"136","아산병원정문앞","성내천 길.kmz","37.5248792","127.1071216"
"137","아산병원 인근","성내천 길.kmz","37.5237702","127.1078833"
"138","풍납중학교","성내천 길.kmz","37.5233594","127.1164072"
"139","몽촌토성 인근","성내천 길.kmz","37.5247289","127.1188732"
"140","올림픽수영장 인근","성내천 길.kmz","37.5216593","127.1281322"
"141","오륜주민센터 인근","성내천 길.kmz","37.5146104","127.1342605"
"142","아남아파트 인근","성내천 길.kmz","37.5002228","127.1464863"
"143","올림픽공원역 지하철 5호선","성내천 길.kmz","37.5160647","127.1304996"
"133","강일리버파크2단지 인근","망월천길.kmz","37.5700975","127.1752743"
"144","올림픽공원","성내천 길.kmz","37.5205609","127.1225323"
"145","몽촌토성 역사관","성내천 길.kmz","37.5237802","127.124015"
"146","거여역 지하철 5호선","성내천 길.kmz","37.492983","127.1442071"
"147","옥수역 지하철 중앙선","성동광진구한강길.kmz","37.54031","127.0185835"
"148","옥수역 인근","성동광진구한강길.kmz","37.5407573","127.0192023"
"149","응봉역 지하철 중앙선","성동광진구한강길.kmz","37.5498018","127.0342476"
"150","서울숲 인근","성동광진구한강길.kmz","37.5397395","127.0362782"
"151","영동대교 인근","성동광진구한강길.kmz","37.532717","127.0590538"
"152","뚝섬유원지역 지하철 7호선","성동광진구한강길.kmz","37.5311133","127.0664605"
"153","뚝섬유원지","성동광진구한강길.kmz","37.5291449","127.069428"
"154","뚝섬유원지 잠실대교 인근","성동광진구한강길.kmz","37.5268549","127.0811871"
"155","동서울터미널 인근","성동광진구한강길.kmz","37.5332672","127.0954514"
"156","올림픽대교 강변북로 인근","성동광진구한강길.kmz","37.5405845","127.1040527"
"157","쉐라톤워커힐호텔 인근","성동광진구한강길.kmz","37.5561846","127.1132846"
"158","고구려대장간마을 버스정류장","성동광진구한강길.kmz","37.563633","127.114976"
"159","한성대입구역 지하철 4호선","성북천 길.kmz/임시 장소","37.5883807","127.0064571"
"160","목감천공영무료주차장","목감천.kmz","37.4875727","126.8595102"
"161","개봉3동주민센터 인근","목감천.kmz","37.4855579","126.8559823"
"162","광일초등학교 인근","목감천.kmz","37.4719714","126.8453231"
"163","천왕역 지하철 7호선","목감천.kmz","37.487046","126.8384395"
"164","구로문화원","목감천.kmz","37.4974934","126.8646318"
"165","아리랑 아트홀","성북천 길.kmz/임시 장소","37.5802856","127.0042009"
"166","삼일자동차운전전문학원","세곡천.kmz","37.4642907","127.1201418"
"167","대왕초등학교 인근","세곡천.kmz","37.462821","127.1052562"
"168","세곡리엔파크1단지 인근","세곡천.kmz","37.464614","127.1012007"
"1","국립재활원","가오천 길.kmz","37.6388016","127.0101633"
"2","강북문화예술회관(삼각산)","가오천 길.kmz","37.6406358","127.0135229"
"3","본원정사","가오천 길.kmz","37.6379472","127.0064667"
"4","수유역 지하철 4호선","가오천 길.kmz","37.6375825","127.0252298"
"5","본원정사 인근","가오천 길.kmz","37.6380651","127.0062973"
"6","국립재활원 인근","가오천 길.kmz","37.6385921","127.0087576"
"7","한강홍수통제소 인근","강남서초한강길.kmz","37.5054945","126.9815107"
"8","달빛광장 인근","강남서초한강길.kmz","37.5128395","127.0001018"
"9","성수대교 인근","강남서초한강길.kmz","37.5343914","127.0307693"
"10","한양8차아파트 인근","강남서초한강길.kmz","37.5311139","127.0428126"
"11","구산아파트 인근","강남서초한강길.kmz","37.5275586","127.0546637"
"12","청담도로공원 인근","강남서초한강길.kmz","37.5208735","127.0643853"
"13","서울국립중앙도서관","강남서초한강길.kmz","37.4977665","127.0034908"
"14","서울무역전시컨벤션센터","강남서초한강길.kmz","37.495888","127.0721718"
"15","국립중앙박물관","강남서초한강길.kmz","37.5237684","126.9820416"
"16","동작역 4 9호선","강남서초한강길.kmz","37.5019979","126.9806148"
"17","압구정역 지하철 3호선","강남서초한강길.kmz","37.5272159","127.0280605"
"18","방화역 5호선","강서한강길.kmz/임시 장소","37.5774665","126.8122743"
"19","양천향교역 9호선","강서한강길.kmz/임시 장소","37.5683798","126.8412614"
"20","가양역 9호선","강서한강길.kmz/임시 장소","37.5609659","126.8550524"
"21","서울도시철도공사방화차량기지 인근","강서한강길.kmz/임시 장소","37.5906503","126.8082821"
"22","강서습지생태공원 인근","강서한강길.kmz/임시 장소","37.5861694","126.8184115"
"23","축구장 인근","강서한강길.kmz/임시 장소","37.5831895","126.8235433"
"24","양천향교 인근","강서한강길.kmz/임시 장소","37.5761314","126.84127"
"25","가양역 인근","강서한강길.kmz/임시 장소","37.5660281","126.8587281"
"26","풍산심씨문정공파묘역","강서한강길.kmz/임시 장소","37.5799207","126.8075302"
"27","양천향교","강서한강길.kmz/임시 장소","37.5730823","126.8397247"
"28","방화근린공원","강서한강길.kmz/임시 장소","37.5831825","126.8118567"
"29","강서구민올림픽체육관","강서한강길.kmz/임시 장소","37.5594148","126.850478"
"30","강동공영차고지 인근","고덕천 길.kmz","37.5624643","127.1730008"
"31","고덕주공6단지 인근","고덕천 길.kmz","37.5516235","127.1733681"
"32","청룡산 인근","도림천.kmz","37.4708489","126.9428358"
"33","도림천역 지하철 2호선","도림천.kmz","37.5144404","126.8824381"
"34","버스정류장(서울대학교)","도림천.kmz","37.466856","126.9478541"
"35","도봉역 1호선","도봉천 길.kmz","37.6801422","127.0457975"
"36","도봉로171길 인근","도봉천 길.kmz","37.6791267","127.0422215"
"37","장군봉근린공원 인근","도림천.kmz","37.4773108","126.936507"
"38","무궁화제작소 인근","도봉천 길.kmz","37.6774308","127.0345396"
"39","형진빌라 인근","도봉천 길.kmz","37.6839723","127.042236"
"40","도봉177길 인근","도봉천 길.kmz","37.6828145","127.0437366"
"41","성균관대도봉선수촌 인근","도봉천 길.kmz","37.6799998","127.0486736"
"42","국립공원산악박물관","도봉천 길.kmz","37.6860671","127.0327773"
"43","가든파이브 인근","독정천.kmz","37.478424","127.1178597"
"44","서울자원 인근","독정천.kmz","37.4643988","127.1218954"
"45","독정천끝 인근","독정천.kmz","37.4564132","127.1181329"
"46","장지역 8호선","독정천.kmz","37.4788981","127.1258636"
"47","가든파이브","독정천.kmz","37.4775713","127.1249213"
"48","난지물재생센터 인근","마포한강길.kmz","37.5840621","126.8484086"
"49","한강수변 인근","마포한강길.kmz","37.5772206","126.856989"
"50","패쇄형늪지 인근","마포한강길.kmz","37.573656","126.866094"
"51","난지한강공원 인근","마포한강길.kmz","37.5694005","126.8714137"
"52","망원초록길 인근","마포한강길.kmz","37.5520128","126.9000771"
"53","한강시민공원망원지구 인근","마포한강길.kmz","37.5478957","126.9054608"
"54","강변북로 인근","마포한강길.kmz","37.542906","126.9159106"
"55","밤섬","마포한강길.kmz","37.5402398","126.9262783"
"56","마포대교 인근","마포한강길.kmz","37.5377623","126.9412203"
"57","월드컵경기장역 지하철 6호선","마포한강길.kmz","37.5691102","126.8991757"
"58","난지한강공원","마포한강길.kmz","37.5693292","126.8739773"
"59","마포역 지하철 5호선","마포한강길.kmz","37.5407035","126.9471424"
"60","강동중학교 인근","망월천길.kmz","37.5702989","127.1780515"
"61","강일리버파크1단지 정문","망월천길.kmz","37.5679944","127.1730398"
"62","철산교앞","목감천.kmz","37.488186","126.8593954"
"63","디지털미디어시티역","불광천길.kmz/임시 장소","37.5755851","126.9012458"
"64","월드컵경기장역 인근","불광천길.kmz","37.5697663","126.8997831"
"65","중산역(명지대앞) 인근","불광천길.kmz","37.5845641","126.9106299"
"66","응암역 인근","불광천길.kmz","37.598619","126.9158727"
"67","평강성서유물박물관","목감천.kmz","37.4920581","126.8447287"
"68","브라운스톤태릉아파트 인근","묵동천길.kmz","37.6193835","127.0825509"
"69","태릉입구역 지하철 6호선","묵동천길.kmz","37.6171209","127.0750793"
"70","화랑대역 지하철 6호선","묵동천길.kmz","37.6200964","127.0846367"
"71","태릉고등학교 인근","묵동천길.kmz","37.6200365","127.0873591"
"72","중랑소방서 인근","묵동천길.kmz","37.6158707","127.0956876"
"73","서울메디컬타워 인근","묵동천길.kmz","37.6143309","127.0987936"
"74","강일리버파크1단지 인근","망월천길.kmz","37.5686017","127.1707836"
"75","육사아파트 인근","묵동천길.kmz","37.6214262","127.0904493"
"76","중랑구립정보도서관","묵동천길.kmz","37.6154222","127.0870621"
"77","동작역 지하철 49호선","반포천.kmz","37.5032783","126.9801529"
"78","동작역 인근","반포천.kmz","37.5034092","126.9799178"
"79","구반포역 지하철 9호선","반포천.kmz","37.5012888","126.9873028"
"80","반포주공아파트 인근","반포천.kmz","37.4995506","126.9914625"
"81","반포종합운동장 인근","반포천.kmz","37.4994348","126.9956297"
"82","고속터미널역 지하철 37호선","반포천.kmz","37.5032724","127.00518"
"83","고속터미널역 인근","반포천.kmz","37.5020454","127.0022546"
"84","벽산1차아파트 인근","방학천 길.kmz","37.6600735","127.0332323"
"85","제일시장 인근","방학천 길.kmz","37.6617509","127.0381876"
"86","정병원빌딩 인근","방학천 길.kmz","37.6617039","127.0418307"
"87","동아엔지니어링 인근","방학천 길.kmz","37.6614795","127.0486081"
"88","방학동도깨비시장 인근","방학천 길.kmz","37.665367","127.0358531"
"89","방학역 지하철 1호선","방학천 길.kmz","37.6669814","127.0443041"
"90","월드컵경기장역","불광천길.kmz/임시 장소","37.5693585","126.8993659"
"91","중산역(명지대앞)","불광천길.kmz/임시 장소","37.584429","126.910353"
"92","응암역","불광천길.kmz/임시 장소","37.5988564","126.9157237"
"93","마포구청역 인근","불광천길.kmz","37.5663008","126.8995565"
"94","문희공유창모역입구","고덕천 길.kmz","37.5468166","127.1697728"
"95","상일동역 지하철 5호선","고덕천 길.kmz","37.5566483","127.1662172"
"96","굴포천하류 인근","굴포천.kmz","37.5783053","126.7838173"
"97","김포공항 인근","굴포천.kmz","37.5625134","126.7792502"
"98","굴포천 상류 인근","굴포천.kmz","37.5504814","126.7813022"
"99","덕산초등학교대장분교장 인근","굴포천.kmz","37.540618","126.7869943"
"101","개화역 지하철 9호선","굴포천.kmz","37.5785109","126.7978782"
"102","고덕리엔파크1단지","고덕천 길.kmz","37.5606934","127.1707318"
"103","상계역 4호선","당현천길.kmz/임시 장소","37.6598674","127.0727203"
"104","중계역 지하철 7호선","당현천길.kmz/임시 장소","37.6453752","127.0637703"
"105","노원청소년수련관","당현천길.kmz/임시 장소","37.6415945","127.059989"
"106","노원문화의거리","당현천길.kmz/임시 장소","37.6556449","127.0634278"
"107","노원구민체육센터","당현천길.kmz/임시 장소","37.6478467","127.0704291"
"108","상계역 인근","당현천길.kmz","37.6595559","127.0722881"
"109","양지마을 대림2차 아파트 인근","당현천길.kmz","37.654275","127.0719691"
"110","학여울청구아파트 인근","당현천길.kmz","37.6382058","127.0594123"
"100","고덕차량기지 인근","고덕천 길.kmz","37.5669126","127.1637008"
"111","강북청소년수련관","대동천 길.kmz","37.6461779","127.0061144"
"112","4.19국립민주묘지","대동천 길.kmz","37.6484992","127.0082025"
"113","선일교통종점 인근","대동천 길.kmz","37.6454507","127.0052769"
"114","국립419묘지 (09-197)","대동천 길.kmz","37.6469816","127.0090269"
"115","신도림역 12호선","도림천.kmz","37.5078324","126.8916714"
"116","박정희 대통령 흉상(문래공원)","도림천.kmz","37.5175032","126.8940329"
"117","박정희 대통령 흉상(문래공원) 인근","도림천.kmz","37.5116186","126.8897024"
"118","대림역 27호선","도림천.kmz","37.4927518","126.8969862"
"119","영남중학교 인근","도림천.kmz","37.4967103","126.8937188"
"120","구로디지털단지역 2호선","도림천.kmz","37.4851997","126.9008362"
"121","구로디지털단지역 인근","도림천.kmz","37.4855782","126.9007422"
"122","신림역 2호선","도림천.kmz","37.4843935","126.9296641"
"123","신림역 인근","도림천.kmz","37.4836649","126.9262395"
"124","동소문로2길 인근","성북천 길.kmz/임시 장소","37.5881301","127.0088053"
"125","성북교통정보센터 인근","성북천 길.kmz/임시 장소","37.5911613","127.0131664"
"126","보문역 지하철 6호선","성북천 길.kmz/임시 장소","37.5854024","127.0194257"
"127","안암동주민센터 인근","성북천 길.kmz/임시 장소","37.5839883","127.0215062"
"128","신설동역 지하철 1 2호선","성북천 길.kmz/임시 장소","37.5757991","127.0234569"
"129","동숭아트센터","성북천 길.kmz/임시 장소","37.5836067","127.0038687"
"130","선농단","성북천 길.kmz/임시 장소","37.581006","127.032492"
"131","쇳대박물관","성북천 길.kmz/임시 장소","37.5797738","127.0046473"
"132","해담는다리","불광천길.kmz","37.5824239","126.9086464"
"134","마포구청","불광천길.kmz","37.5660296","126.9012478"
"135","신사근린공원","불광천길.kmz","37.5924095","126.9111468"
"307","영등포아트홀","영등포동작구한강길.kmz","37.5263811","126.8997699"
"308","당산역 지하철 29호선","영등포동작구한강길.kmz","37.5347055","126.902572"
"300","선유도 인근","영등포동작구한강길.kmz","37.5428176","126.8962976"
"309","선유도역 지하철 9호선","영등포동작구한강길.kmz","37.5378461","126.8939197"
"310","대방역 지하철 1호선","영등포동작구한강길.kmz","37.5132828","126.9261543"
"311","마포역 지하철 5호선","용산한강길.kmz","37.5391171","126.9458321"
"312","한강시민공원 이촌지구 인근","용산한강길.kmz","37.5209652","126.9597875"
"313","서빙고역 반포대교 인근","용산한강길.kmz","37.5171536","126.9912444"
"314","한남역 인근","용산한강길.kmz","37.5279046","127.0063116"
"315","선유도","영등포동작구한강길.kmz","37.5433805","126.9002894"
"316","마포대교 원효대교 인근","용산한강길.kmz","37.5323744","126.9489673"
"317","한남역 지하철 중안선","용산한강길.kmz","37.5294619","127.0092671"
"318","용산가족공원","용산한강길.kmz","37.5207654","126.9827072"
"319","서래섬","용산한강길.kmz","37.5077125","126.9895793"
"320","세빛둥둥섬","용산한강길.kmz","37.5119234","126.995509"
"321","노들섬","용산한강길.kmz","37.5177847","126.9581764"
"322","롯데캐슬루나아파트 인근","우이천 길.kmz","37.6260055","127.0485851"
"323","번2동주민센터 인근","우이천 길.kmz","37.6326319","127.0391954"
"324","우이제3교인근","우이천 길.kmz","37.6367779","127.0363398"
"325","창동태영데시앙아파트 인근","우이천 길.kmz","37.6419316","127.0322156"
"326","우암빌라 인근","우이천 길.kmz","37.6592347","127.0147589"
"327","석계역 지하철 1 6호선","우이천 길.kmz","37.6147193","127.0658036"
"328","월계역 지하철 1호선","우이천 길.kmz","37.6314702","127.0586486"
"329","수유역 지하철 4호선","우이천 길.kmz","37.6382251","127.0260567"
"330","옹기민속박물관","우이천 길.kmz","37.6555683","127.0145259"
"331","서울영어마을 수유캠프","우이천 길.kmz","37.6399759","127.0082636"
"332","솔밭근린공원","우이천 길.kmz","37.6526609","127.0112361"
"333","제기동역 지하철 1호선","정릉천 길.kmz/임시 장소","37.5781265","127.0348788"
"334","쌍문역 지하철 4호선","우이천 길.kmz","37.6486806","127.034612"
"336","코업스타클래스 인근","정릉천 길.kmz/임시 장소","37.6013361","127.0398227"
"337","서울약령시장","정릉천 길.kmz/임시 장소","37.579155","127.0373053"
"338","선농단","정릉천 길.kmz/임시 장소","37.581013","127.0320238"
"339","응봉역 지하철 중앙선","중랑천 길.kmz/임시 장소","37.5496846","127.0344931"
"340","성동세무서 인근","중랑천 길.kmz/임시 장소","37.5494541","127.0624131"
"341","응봉역 인근","중랑천 길.kmz/임시 장소","37.5502744","127.0354484"
"335","제기로9길 인근","정릉천 길.kmz/임시 장소","37.5871763","127.0368661"
"342","아차산성","중랑천 길.kmz/임시 장소","37.5548877","127.1052243"
"343","영휘원","중랑천 길.kmz/임시 장소","37.5900605","127.0439296"
"344","용마폭포공원축구장","중랑천 길.kmz/임시 장소","37.5745157","127.0900528"
"345","수락산역 지하철 7호선","중랑천 길.kmz","37.6785119","127.0548785"
"346","도봉주공1단지 인근","중랑천 길.kmz","37.682742","127.0521401"
"347","방학동삼성래미안아파트 인근","중랑천 길.kmz","37.6671973","127.0500747"
"348","창동주공19단지아파트 인근","중랑천 길.kmz","37.6492397","127.0551336"
"349","초안산근린공원 인근","중랑천 길.kmz","37.6400617","127.0563638"
"350","월계삼호4차아파트 인근","중랑천 길.kmz","37.6269653","127.0674489"
"351","석계역 지하철 1 6호선","중랑천 길.kmz","37.6148909","127.0659765"
"352","태릉선수촌","중랑천 길.kmz","37.6346883","127.103073"
"353","육군사관학교","중랑천 길.kmz","37.6239866","127.0994206"
"354","북서울의꿈","중랑천 길.kmz","37.6222293","127.0396511"
"355","성균관대도봉선수촌 인근","중랑천 길.kmz","37.6779485","127.0511428"
"356","일신강변아파트 인근","중랑천 길.kmz","37.5863823","127.0733499"
"357","동국대사대부속중학교 인근","중랑천 길.kmz","37.5781128","127.0783835"
"358","현대홈타운아파트 인근","중랑천 길.kmz","37.5684162","127.0774924"
"359","동부간선도로 인근","중랑천 길.kmz","37.605037","127.0730172"
"360","중랑역 지하철 경의선","중랑천 길.kmz","37.5946851","127.075856"
"361","군자역 지하철 5 7호선","중랑천 길.kmz","37.5571732","127.0794698"
"362","청계광장 인근","청계천 길.kmz","37.5691463","126.9779427"
"363","종각역 지하철 1호선","청계천 길.kmz","37.5698296","126.9839195"
"364","청계3가 인근","청계천 길.kmz","37.5682802","126.9923228"
"365","방산종합상가 인근","청계천 길.kmz","37.5693062","127.0004857"
"366","청평화시장 인근","청계천 길.kmz","37.5697405","127.0149708"
"367","롯데캐슬베네치아아파트 인근","청계천 길.kmz","37.5718462","127.0216519"
"369","용답역 지하철 2호선","청계천 길.kmz","37.5619061","127.0506938"
"370","마장역 지하철 5호선","청계천 길.kmz","37.5659975","127.0431495"
"371","잠실종합운동장 인근","탄천 길.kmz","37.5128673","127.0674564"
"372","강남주민편의시설 인근","탄천 길.kmz","37.4959645","127.0932279"
"373","서울메트로수서차량사업소 인근","탄천 길.kmz","37.4917179","127.1063467"
"374","가든파이브 인근","탄천 길.kmz","37.4796414","127.1161064"
"368","을지로입구역 지하철 2호선","청계천 길.kmz","37.5655943","126.9826928"
"375","수서역 지하철 분당선 3호선","탄천 길.kmz","37.4872709","127.1013933"
"376","롯데월드","탄천 길.kmz","37.5109173","127.0978237"
"377","삼성어린이박물관","탄천 길.kmz","37.5508662","127.0775069"
"378","잠실종합운동장","탄천 길.kmz","37.5128293","127.0721956"
"379","망원유수지체육공원 인근","홍제천길.kmz","37.5606485","126.8965223"
"380","마포구청 인근","홍제천길.kmz","37.5629599","126.9031056"
"169","강남세곡LH푸르지오","세곡천.kmz","37.4648536","127.0939007"
"170","헌인릉 인근","세곡천.kmz","37.4640968","127.0837208"
"171","세곡동사거리 버스정류장","세곡천.kmz","37.464399","127.1083706"
"172","헌인마을 버스정류장","세곡천.kmz","37.4618516","127.0900585"
"173","종합운동장역 지하철 2호선","송파강동 한강길.kmz","37.5111381","127.0734109"
"174","잠실나루역 지하철 2호선","송파강동 한강길.kmz","37.5206377","127.1038717"
"175","잠실대교 인근","송파강동 한강길.kmz","37.5211547","127.0965582"
"176","한강공원광나루지구 인근","송파강동 한강길.kmz","37.5283499","127.1070841"
"177","광나루자전거공원 인근","송파강동 한강길.kmz","37.5448452","127.1194414"
"178","암사동선사주거지 인근","송파강동 한강길.kmz","37.5628048","127.1295354"
"179","춘천고속도로 인근","송파강동 한강길.kmz","37.5817685","127.1906124"
"180","몽촌토성","송파강동 한강길.kmz","37.5229775","127.1187701"
"181","일자산 해맞이 공원","송파강동 한강길.kmz","37.5300572","127.1511502"
"182","한국 오카리나 박물관","송파강동 한강길.kmz","37.5219049","127.1237029"
"183","암사역 지하철 8호선","송파강동 한강길.kmz","37.5500841","127.1274522"
"184","버스정류장(미사리 차고지)","송파강동 한강길.kmz","37.5756454","127.2037849"
"185","상일동역 지하철 5호선","송파강동 한강길.kmz","37.5568556","127.1680326"
"186","백골부대전적비","안양천길.kmz","37.5485335","126.8822893"
"187","목마공원 인근","안양천길.kmz","37.5388958","126.8866047"
"188","목동종합운동장 인근","안양천길.kmz","37.5313336","126.8872968"
"189","목동종합운동장","안양천길.kmz","37.5313398","126.8820628"
"190","오목교 인근","안양천길.kmz","37.525304","126.878498"
"191","오금사거리 인근","안양천길.kmz","37.514926","126.8782123"
"192","어린이 교통 공원","안양천길.kmz","37.5093787","126.8700152"
"193","백골부대전적비 인근","안양천길.kmz","37.5481068","126.8794783"
"194","어린이교통공원 인근","안양천길.kmz","37.5080369","126.8727865"
"195","도림천역 지하철 2호선","안양천길.kmz","37.514527","126.8824629"
"196","광명시청 인근","안양천길.kmz","37.4845816","126.8717598"
"197","가산디지털단지 인근","안양천길.kmz","37.4746921","126.8765267"
"198","궁동공원","홍제천길.kmz","37.5697383","126.918583"
"199","홍연2교 인근","홍제천길.kmz","37.5778882","126.9308058"
"200","석촌호수","탄천 길.kmz","37.5093303","127.1020375"
"201","서울중동초등학교 인근","홍제천길.kmz","37.5655531","126.9118439"
"202","서대문구청","홍제천길.kmz","37.5793625","126.9364549"
"203","안산","홍제천길.kmz","37.5785655","126.9428109"
"204","폭포마당 인근","홍제천길.kmz","37.5825482","126.9369852"
"205","홍제사거리 인근","홍제천길.kmz","37.5902368","126.9391698"
"206","포방교 인근","홍제천길.kmz","37.5982081","126.9489247"
"207","옥천암 인근","홍제천길.kmz","37.5965476","126.9538347"
"208","홍제역 지하철 3호선","홍제천길.kmz","37.5883627","126.9444284"
"209","가좌역 지하철 경의선","홍제천길.kmz","37.5687423","126.9154994"
"210","우진밧데리 인근","성북천 길.kmz/임시 장소","37.5883327","127.0192143"
"211","로봇박물관","성북천 길.kmz/임시 장소","37.5833929","127.0041557"
"212","새절역 인근","불광천길.kmz","37.5900983","126.9136519"
"213","몽촌토성","성내천 길.kmz","37.5225914","127.1181513"
"214","오륜사거리 인근","성내천 길.kmz","37.5085724","127.1363596"
"215","한성백제박물관","성내천 길.kmz","37.5153926","127.1209617"
"216","서울숲 인근","성동광진구한강길.kmz","37.5416861","127.0288166"
"217","뚝섬유원지 인근","성동광진구한강길.kmz","37.5304851","127.0662474"
"218","강변역 지하철 2호선","성동광진구한강길.kmz","37.5346797","127.0949809"
"219","개명초등학교 인근","목감천.kmz","37.4815767","126.8500047"
"220","한국현대의상박물관","성북천 길.kmz/임시 장소","37.5755513","127.0053606"
"221","가든파이브","세곡천.kmz","37.4777169","127.124808"
"222","잠실한강공원 인근","송파강동 한강길.kmz","37.5194129","127.0711709"
"223","고덕천 인근","송파강동 한강길.kmz","37.5707205","127.1576654"
"224","석촌동 고분군","송파강동 한강길.kmz","37.502915","127.102017"
"225","목마공원","안양천길.kmz","37.5385478","126.8856118"
"226","오목교역 지하철 5호선","안양천길.kmz","37.5243734","126.8764509"
"227","구일역 인근","안양천길.kmz","37.4966215","126.8691392"
"228","독산역 인근","안양천길.kmz","37.4650326","126.8844645"
"229","구일역 지하철 1호선","안양천길.kmz","37.4970839","126.8715909"
"230","양재역 지하철 신분당선 3호선","양재천.kmz","37.4844447","127.0336186"
"231","양재시민의숲역 지하철 신분당선","여의천.kmz","37.4706443","127.0378973"
"232","나이아가라 호텔","영등포동작구한강길.kmz","37.5533611","126.879017"
"233","국립현충원 인근","영등포동작구한강길.kmz","37.5048659","126.9758854"
"234","흑석역 지하철 9호선","영등포동작구한강길.kmz","37.5085557","126.9635387"
"235","동작대교 인근","용산한강길.kmz","37.515546","126.9755555"
"236","서빙고역 지하철 중앙선","용산한강길.kmz","37.519481","126.988908"
"237","서울선곡초등학교 인근","우이천 길.kmz","37.6175395","127.0573187"
"238","강북중학교 인근","우이천 길.kmz","37.6454591","127.0264513"
"239","창골축구장","우이천 길.kmz","37.6484869","127.0409754"
"240","고산자로58길 인근","정릉천 길.kmz/임시 장소","37.5885391","127.0375769"
"241","세종대왕기념관","정릉천 길.kmz/임시 장소","37.5907503","127.0434613"
"242","경동제일교회","중랑천 길.kmz/임시 장소","37.6024567","127.0846754"
"243","도봉산역 지하철 1 7호선","중랑천 길.kmz","37.6802067","127.0457854"
"244","두산아파트 석계초등학교 인근","중랑천 길.kmz","37.6125838","127.0721082"
"245","불암산성","중랑천 길.kmz","37.666388","127.0941481"
"246","월계역 지하철 1호선","중랑천 길.kmz","37.6339809","127.0590186"
"247","청계2가 인근","청계천 길.kmz","37.5682981","126.985506"
"248","한양대역 지하철 2호선","청계천 길.kmz","37.5559538","127.0435153"
"249","우성아파트 인근","탄천 길.kmz","37.5023244","127.0693084"
"250","삼성역 지하철 2호선","탄천 길.kmz","37.5081705","127.0620584"
"251","마포구청역 지하철 6호선","홍제천길.kmz","37.562804","126.903894"
"252","서울영어마을수유캠프국립재활원입구 버스정류장","가오천 길.kmz","37.6401684","127.0116571"
"253","한강공원잠원지구 인근","강남서초한강길.kmz","37.5238776","127.0139393"
"254","삼성미술관","강남서초한강길.kmz","37.5383526","126.9995572"
"255","청담역 지하철 7호선","강남서초한강길.kmz","37.5200082","127.0568191"
"256","전호리마을회관인근","강서한강길.kmz/임시 장소","37.6011576","126.7950476"
"257","염창동동아아파트 인근","강서한강길.kmz/임시 장소","37.5569891","126.8726894"
"258","고덕천교 인근","고덕천 길.kmz","37.5702496","127.1585192"
"259","럭키아파트 인근","도봉천 길.kmz","37.6802714","127.0440096"
"260","서울대","도림천.kmz","37.4632507","126.9525186"
"261","성모자애복지관 인근","독정천.kmz","37.4710165","127.1229934"
"262","난지물재생센터","마포한강길.kmz","37.586559","126.849104"
"263","상암선착장 인근","마포한강길.kmz","37.5612983","126.8858972"
"264","서강대교 강변북로 인근","마포한강길.kmz","37.5428636","126.9301574"
"265","공동주택 인근","망월천길.kmz","37.5702334","127.1789228"
"266","디지털미디어시티역 인근","불광천길.kmz","37.5751308","126.901121"
"268","봉화산역 지하철 6호선","묵동천길.kmz","37.6170866","127.0913848"
"269","육사체육관 인근","묵동천길.kmz","37.6251577","127.0957605"
"270","구반포역 인근","반포천.kmz","37.5001005","126.9850145"
"271","서울국립중앙도서관","반포천.kmz","37.4980246","127.0041225"
"272","사거리광장","방학천 길.kmz","37.6628723","127.0424002"
"273","새절역(신사)","불광천길.kmz/임시 장소","37.5902593","126.9134711"
"274","개화동버스정류장 인근","굴포천.kmz","37.5847964","126.7986956"
"275","대장동종점","굴포천.kmz","37.5417719","126.7883592"
"267","한국아파트 인근","묵동천길.kmz","37.6157759","127.0726484"
"276","개화동","굴포천.kmz","37.5828104","126.7984215"
"277","노원구민회관","당현천길.kmz/임시 장소","37.6399408","127.0657257"
"278","가재울 근린공원 인근","당현천길.kmz","37.6493203","127.0658502"
"279","삼양로139길 인근","대동천 길.kmz","37.6477489","127.0094841"
"280","63 시티","도림천.kmz","37.5196053","126.9401728"
"281","보라매공원 인근","도림천.kmz","37.4892788","126.916348"
"282","독산역 지하철 1호선","안양천길.kmz","37.4657903","126.8895079"
"283","석수역 지하철 1호선","안양천길.kmz","37.435279","126.9021336"
"284","석수역 인근","안양천길.kmz","37.436563","126.8999452"
"285","신목동역 지하철 9호선","안양천길.kmz","37.544364","126.883233"
"286","대모산역 지하철 분당선","양재천.kmz","37.4910838","127.0728066"
"287","개포동역 지하철 분당선","양재천.kmz","37.4888769","127.0661073"
"288","양재시민의숲역(매헌역) 지하철 신분당선","양재천.kmz","37.4697506","127.0383936"
"289","학여울역 지하철 3호선","양재천.kmz","37.4961255","127.0702627"
"290","도곡역 지하철 분당선 3호선","양재천.kmz","37.4899235","127.0557787"
"291","양재1동주민센터 인근","양재천.kmz","37.4690051","127.0299239"
"292","양재시민의숲 인근","양재천.kmz","37.4734211","127.0353681"
"293","구룡초등학교 인근","양재천.kmz","37.4837878","127.0496226"
"294","도곡역 인근","양재천.kmz","37.4891725","127.0601684"
"295","학여울역 인근","양재천.kmz","37.4940792","127.0718775"
"296","양재시민의숲 인근","여의천.kmz","37.4717411","127.0376221"
"297","세원마을 인근","여의천.kmz","37.454501","127.0525394"
"298","청룡경로당회관 인근","여의천.kmz","37.445664","127.0591386"
"299","양재2동주민센터양재꽃시장","여의천.kmz","37.4695826","127.039316"
"301","KBS견학홀 인근","영등포동작구한강길.kmz","37.5261714","126.9130228"
"302","여의나루역수상택시승강장 인근","영등포동작구한강길.kmz","37.5273914","126.9322308"
"303","노들섬 인근","영등포동작구한강길.kmz","37.5133997","126.9579054"
"304","국립현충원","영등포동작구한강길.kmz","37.5033534","126.9752446"
"305","넘말골 인근","여의천.kmz","37.4345363","127.0687013"
"306","조선이흠례 묘지 인근","영등포동작구한강길.kmz","37.5134319","126.9265565"